model,class,width_m,height_m,source
community_person_01,community_person,0.0661,0.1500,1(1).png
community_person_02,community_person,0.0542,0.1500,2(1).png
community_person_03,community_person,0.0702,0.1500,3(1).png
community_person_04,community_person,0.0703,0.1500,4(1).png
community_person_05,community_person,0.0476,0.1500,5(1).png
community_person_06,community_person,0.0460,0.1500,6(1).png
community_person_07,community_person,0.0579,0.1500,7(1).png
community_person_08,community_person,0.0553,0.1500,8(1).png
community_person_09,community_person,0.0507,0.1500,9(1).png
community_person_10,community_person,0.0601,0.1500,10(1).png
community_person_11,community_person,0.0507,0.1500,11(1).png
community_person_12,community_person,0.0490,0.1500,12(1).png
community_person_13,community_person,0.0532,0.1500,13(1).png
community_person_14,community_person,0.0544,0.1500,14(1).png
community_person_15,community_person,0.0534,0.1500,15(1).png
community_person_16,community_person,0.0390,0.1500,16(1).png
noncommunity_person_F1,non_community_person,0.0497,0.1500,F1.png
noncommunity_person_F2,non_community_person,0.0642,0.1500,F2.png
