name,zone,model,x,y,face,yaw_rad,identity
A_C01,A,community_person_01,0.750,3.160,left,0.000000,community
A_C02,A,community_person_02,0.750,3.370,left,0.000000,community
A_C03,A,community_person_03,1.020,3.050,down,1.570796,community
A_C04,A,community_person_04,1.250,3.050,down,1.570796,community
A_F1,A,noncommunity_person_F1,1.480,3.050,down,1.570796,noncommunity
A_C05,A,community_person_05,1.040,3.470,up,-1.570796,community
A_C06,A,community_person_06,1.280,3.470,up,-1.570796,community
A_C07,A,community_person_07,1.520,3.470,up,-1.570796,community
A_C08,A,community_person_08,1.760,3.470,up,-1.570796,community
B_C09,B,community_person_09,0.760,2.180,up,-1.570796,community
B_C10,B,community_person_10,0.960,2.180,up,-1.570796,community
B_C11,B,community_person_11,1.160,2.180,up,-1.570796,community
B_C12,B,community_person_12,1.360,2.180,up,-1.570796,community
B_C13,B,community_person_13,1.550,2.180,up,-1.570796,community
B_C14,B,community_person_14,1.580,1.700,right,3.141593,community
B_C15,B,community_person_15,1.580,1.860,right,3.141593,community
B_C16,B,community_person_16,1.580,2.020,right,3.141593,community
B_F2,B,noncommunity_person_F2,1.420,1.740,right,3.141593,noncommunity
